<?xml version="1.0" encoding="UTF-8"?>
<!DOCTYPE mapper
  PUBLIC "-//mybatis.org//DTD Mapper 3.0//EN"
  "https://mybatis.org/dtd/mybatis-3-mapper.dtd">
<mapper namespace="com.house.jachui.post.mapper.PostMapper">
	<resultMap type="PostVO" id="postResultMap">
		<id property="postNo" column="POST_NO" />
		<result property="userId" column="USER_ID" />
		<result property="postType" column="POST_TYPE" />
		<result property="postTitle" column="POST_TITLE" />
		<result property="postContent" column="POST_CONTENT" />
		<result property="writeDate" column="WRITE_DATE" />
		<result property="updateDate" column="UPDATE_DATE" />
	</resultMap>
	
	<select id="selectList" resultMap="postResultMap">
		SELECT * FROM POST
	</select>
	
	<insert id="insertPost">
		INSERT INTO POST VALUES(SEQ_POST_NO.NEXTVAL, #{userId}, #{postType}, #{postTitle}, #{postContent}, SYSDATE, SYSDATE)
	</insert>
</mapper>  